dataset,sample_idx,state
good,0,3
good,1,3
good,2,3
good,3,3
good,4,3
good,5,3
good,6,3
good,7,3
good,8,3
good,9,3
good,10,3
good,11,3
good,12,3
good,13,3
good,14,3
good,15,3
good,16,3
good,17,3
good,18,3
good,19,3
good,20,3
good,21,3
good,22,3
good,23,3
good,24,3
good,25,3
good,26,3
good,27,3
good,28,3
good,29,3
good,30,3
good,31,3
good,32,3
good,33,3
good,34,3
good,35,3
good,36,3
good,37,3
good,38,3
good,39,3
good,40,3
good,41,3
good,42,3
good,43,3
good,44,3
good,45,3
good,46,3
good,47,3
good,48,3
good,49,3
good,50,3
good,51,3
good,52,2
good,53,2
good,54,2
good,55,2
good,56,2
good,57,2
good,58,2
good,59,2
good,60,2
good,61,2
good,62,2
good,63,2
good,64,0
good,65,0
good,66,0
good,67,0
good,68,0
good,69,0
good,70,0
good,71,0
good,72,0
good,73,2
good,74,2
good,75,2
good,76,2
good,77,2
good,78,2
good,79,2
good,80,2
good,81,2
good,82,2
good,83,2
good,84,2
good,85,0
good,86,2
good,87,2
good,88,2
good,89,2
good,90,2
good,91,2
good,92,2
good,93,3
good,94,3
good,95,3
good,96,3
good,97,3
good,98,3
good,99,3
good,100,3
good,101,3
good,102,3
good,103,3
good,104,3
good,105,3
good,106,3
good,107,3
good,108,3
good,109,3
good,110,3
good,111,3
good,112,3
good,113,3
good,114,3
good,115,3
good,116,3
good,117,3
good,118,2
good,119,2
good,120,2
good,121,2
good,122,2
good,123,2
good,124,2
good,125,0
good,126,2
good,127,2
good,128,2
good,129,2
good,130,2
good,131,2
good,132,2
good,133,2
good,134,3
good,135,3
good,136,3
good,137,3
good,138,3
good,139,2
good,140,2
good,141,2
good,142,2
good,143,2
good,144,2
good,145,2
good,146,0
good,147,2
good,148,2
good,149,2
good,150,2
good,151,2
good,152,2
good,153,0
good,154,2
good,155,2
good,156,2
good,157,2
good,158,0
good,159,2
good,160,2
good,161,2
good,162,2
good,163,2
good,164,0
good,165,0
good,166,2
good,167,2
good,168,2
good,169,2
good,170,2
good,171,2
good,172,2
good,173,0
good,174,2
good,175,2
good,176,2
good,177,2
good,178,2
good,179,2
good,180,2
good,181,2
good,182,2
good,183,1
good,184,2
good,185,2
good,186,2
good,187,2
good,188,2
good,189,2
good,190,2
good,191,2
good,192,2
good,193,0
good,194,2
good,195,2
good,196,2
good,197,2
good,198,2
good,199,2
good,200,2
good,201,2
good,202,2
good,203,2
good,204,2
good,205,1
good,206,1
good,207,3
good,208,1
good,209,3
good,210,3
good,211,3
good,212,3
good,213,1
good,214,1
good,215,1
good,216,1
good,217,1
good,218,3
good,219,1
good,220,3
good,221,1
good,222,1
good,223,2
good,224,2
good,225,2
good,226,2
good,227,2
good,228,2
good,229,0
good,230,2
good,231,2
good,232,2
good,233,2
good,234,2
good,235,2
good,236,2
good,237,2
good,238,2
good,239,2
good,240,2
good,241,0
good,242,2
good,243,2
good,244,2
good,245,2
good,246,2
good,247,2
good,248,2
good,249,2
good,250,0
good,251,2
good,252,2
good,253,2
good,254,2
good,255,0
good,256,0
good,257,2
good,258,2
good,259,2
good,260,2
good,261,0
good,262,0
good,263,0
good,264,1
good,265,1
good,266,1
good,267,2
good,268,3
good,269,1
good,270,1
good,271,3
good,272,3
good,273,3
good,274,3
good,275,3
good,276,3
good,277,3
good,278,3
good,279,3
good,280,3
good,281,3
good,282,3
good,283,3
good,284,3
good,285,3
good,286,3
good,287,3
good,288,1
good,289,3
good,290,3
good,291,3
good,292,3
good,293,3
good,294,3
good,295,3
good,296,3
good,297,3
good,298,2
good,299,2
good,300,2
good,301,2
good,302,1
good,303,2
good,304,2
good,305,2
good,306,2
good,307,2
good,308,2
good,309,2
good,310,0
good,311,2
good,312,2
good,313,2
good,314,2
good,315,0
good,316,2
good,317,2
good,318,2
good,319,2
good,320,2
good,321,2
good,322,2
good,323,2
good,324,2
good,325,2
good,326,2
good,327,2
good,328,3
good,329,3
good,330,3
good,331,3
good,332,3
good,333,3
good,334,1
good,335,3
good,336,3
good,337,3
good,338,3
good,339,3
good,340,3
good,341,3
good,342,1
good,343,3
good,344,3
good,345,3
good,346,3
good,347,3
good,348,3
good,349,3
good,350,3
good,351,3
good,352,3
good,353,3
good,354,3
good,355,3
good,356,3
good,357,3
good,358,3
good,359,3
good,360,3
good,361,3
good,362,3
good,363,3
good,364,3
good,365,3
good,366,3
good,367,3
good,368,3
good,369,3
good,370,3
good,371,3
good,372,3
good,373,3
good,374,3
good,375,3
good,376,3
good,377,3
good,378,2
good,379,2
good,380,2
good,381,2
good,382,2
good,383,2
good,384,2
good,385,2
good,386,0
good,387,2
good,388,0
good,389,0
good,390,0
good,391,0
good,392,0
good,393,2
good,394,0
good,395,2
good,396,2
good,397,2
good,398,2
good,399,2
good,400,2
good,401,3
good,402,1
good,403,3
good,404,3
good,405,3
good,406,3
good,407,3
good,408,3
good,409,1
good,410,1
good,411,1
good,412,1
good,413,1
good,414,3
good,415,1
good,416,3
good,417,3
good,418,3
good,419,3
good,420,3
good,421,3
good,422,3
good,423,3
good,424,3
good,425,3
good,426,3
good,427,3
good,428,3
good,429,3
good,430,3
good,431,2
good,432,2
good,433,2
good,434,2
good,435,2
good,436,2
good,437,2
good,438,0
good,439,2
good,440,2
good,441,2
good,442,2
good,443,2
good,444,2
good,445,2
good,446,2
good,447,2
good,448,2
good,449,2
good,450,2
good,451,2
good,452,2
good,453,2
good,454,2
good,455,2
good,456,2
good,457,2
good,458,0
good,459,0
good,460,0
good,461,0
good,462,0
good,463,0
good,464,0
good,465,0
good,466,0
good,467,0
good,468,0
good,469,0
good,470,2
good,471,2
good,472,2
good,473,2
good,474,2
good,475,2
good,476,0
good,477,0
good,478,1
good,479,1
good,480,1
good,481,1
good,482,1
good,483,1
good,484,1
good,485,1
good,486,1
good,487,1
good,488,1
good,489,1
good,490,1
good,491,1
good,492,1
good,493,1
good,494,2
good,495,2
good,496,2
good,497,2
good,498,2
good,499,2
good,500,0
good,501,2
good,502,2
good,503,2
good,504,2
good,505,2
good,506,2
good,507,2
good,508,2
good,509,3
good,510,3
good,511,1
good,512,1
good,513,1
good,514,1
good,515,1
good,516,3
good,517,3
good,518,3
good,519,2
good,520,2
good,521,2
good,522,2
good,523,2
good,524,2
good,525,0
good,526,1
good,527,2
good,528,2
good,529,2
good,530,2
good,531,2
good,532,2
good,533,3
good,534,3
good,535,3
good,536,3
good,537,1
good,538,1
good,539,1
good,540,1
good,541,1
good,542,1
good,543,1
good,544,1
good,545,1
good,546,1
good,547,1
good,548,1
good,549,1
good,550,1
good,551,1
good,552,3
good,553,3
good,554,1
good,555,1
good,556,3
good,557,1
good,558,3
good,559,3
good,560,1
good,561,3
good,562,3
good,563,3
good,564,3
good,565,3
good,566,3
good,567,3
good,568,3
good,569,3
good,570,3
good,571,3
good,572,3
good,573,3
good,574,3
good,575,3
good,576,3
good,577,3
good,578,3
good,579,3
good,580,3
good,581,3
good,582,3
good,583,3
good,584,3
good,585,3
good,586,3
good,587,3
good,588,2
good,589,2
good,590,2
good,591,2
good,592,2
good,593,2
good,594,2
good,595,0
good,596,2
good,597,2
good,598,2
good,599,2
good,600,0
good,601,2
good,602,2
good,603,2
good,604,2
good,605,2
good,606,2
good,607,2
good,608,2
good,609,2
good,610,2
good,611,2
good,612,0
good,613,0
good,614,0
good,615,0
good,616,0
good,617,0
good,618,0
good,619,0
good,620,1
good,621,1
good,622,1
good,623,1
good,624,1
good,625,1
good,626,1
good,627,1
good,628,1
good,629,1
good,630,1
good,631,1
good,632,3
good,633,1
good,634,1
good,635,1
good,636,1
good,637,1
good,638,3
good,639,1
good,640,3
good,641,3
good,642,3
good,643,3
good,644,1
good,645,1
good,646,1
good,647,3
good,648,3
good,649,3
good,650,3
good,651,3
good,652,3
good,653,3
good,654,3
good,655,3
good,656,3
good,657,3
good,658,3
good,659,3
good,660,3
good,661,3
good,662,3
good,663,3
good,664,3
good,665,3
good,666,3
good,667,3
good,668,3
good,669,3
good,670,3
good,671,3
good,672,3
good,673,3
good,674,3
good,675,3
good,676,3
good,677,2
good,678,2
good,679,2
good,680,2
good,681,2
good,682,2
good,683,2
good,684,0
good,685,2
good,686,2
good,687,2
good,688,2
good,689,2
good,690,2
good,691,2
good,692,2
good,693,2
good,694,0
good,695,0
good,696,2
good,697,2
good,698,2
good,699,2
good,700,2
good,701,2
good,702,2
good,703,2
good,704,1
good,705,1
good,706,1
good,707,3
good,708,1
good,709,1
good,710,1
good,711,1
good,712,1
good,713,1
good,714,1
good,715,1
good,716,1
good,717,1
good,718,1
good,719,1
good,720,1
good,721,1
good,722,1
good,723,1
good,724,1
good,725,1
good,726,1
good,727,1
good,728,1
good,729,1
good,730,1
good,731,1
good,732,1
good,733,1
good,734,1
good,735,1
good,736,1
good,737,1
good,738,1
good,739,1
good,740,1
good,741,1
good,742,1
good,743,1
good,744,1
good,745,1
good,746,1
good,747,1
good,748,1
good,749,1
good,750,1
good,751,1
good,752,1
good,753,1
good,754,1
good,755,1
good,756,1
good,757,1
good,758,1
good,759,1
good,760,1
good,761,0
good,762,0
good,763,0
good,764,1
good,765,1
good,766,1
good,767,1
good,768,1
good,769,1
good,770,1
good,771,1
good,772,1
good,773,1
good,774,1
good,775,1
good,776,1
good,777,1
good,778,1
good,779,1
good,780,1
good,781,1
good,782,1
good,783,1
good,784,1
good,785,1
good,786,1
good,787,1
good,788,1
good,789,1
good,790,1
good,791,1
good,792,1
good,793,1
good,794,1
good,795,1
good,796,1
good,797,1
good,798,1
good,799,1
good,800,1
good,801,1
good,802,1
good,803,1
good,804,1
good,805,1
good,806,1
good,807,1
good,808,1
good,809,1
good,810,1
good,811,1
good,812,1
good,813,1
good,814,1
good,815,1
good,816,1
good,817,1
good,818,1
good,819,1
good,820,1
good,821,1
good,822,1
good,823,1
good,824,1
good,825,1
good,826,1
good,827,1
good,828,1
good,829,1
good,830,1
good,831,1
good,832,1
good,833,1
good,834,1
good,835,1
good,836,1
good,837,1
good,838,1
good,839,1
good,840,1
good,841,1
good,842,1
good,843,1
good,844,1
good,845,1
good,846,1
good,847,1
good,848,1
good,849,1
good,850,1
good,851,1
good,852,1
good,853,1
good,854,1
good,855,1
good,856,1
good,857,1
good,858,1
good,859,1
good,860,1
good,861,1
good,862,1
good,863,1
good,864,1
good,865,1
good,866,1
good,867,1
good,868,1
good,869,1
good,870,1
good,871,1
good,872,1
good,873,1
good,874,1
good,875,1
good,876,1
good,877,1
good,878,1
good,879,1
good,880,1
good,881,1
good,882,1
good,883,1
good,884,1
good,885,1
good,886,1
good,887,1
good,888,1
good,889,1
good,890,1
good,891,1
good,892,1
good,893,1
good,894,1
good,895,1
good,896,1
good,897,1
good,898,1
good,899,1
good,900,1
good,901,1
good,902,1
good,903,1
good,904,1
good,905,1
good,906,1
good,907,1
good,908,1
good,909,1
good,910,1
good,911,1
good,912,1
good,913,1
good,914,1
good,915,1
good,916,1
good,917,1
good,918,1
good,919,1
good,920,1
good,921,1
good,922,1
good,923,1
good,924,1
good,925,1
good,926,1
good,927,1
good,928,1
good,929,1
good,930,1
good,931,1
good,932,1
good,933,1
good,934,1
good,935,1
good,936,1
good,937,1
good,938,1
good,939,1
good,940,1
good,941,1
good,942,1
good,943,1
good,944,1
good,945,1
good,946,1
good,947,1
good,948,1
good,949,1
good,950,1
good,951,1
good,952,1
good,953,1
good,954,1
good,955,1
good,956,1
good,957,1
good,958,1
good,959,1
good,960,1
good,961,1
good,962,1
good,963,1
good,964,1
good,965,1
good,966,1
good,967,1
good,968,1
good,969,1
good,970,1
good,971,1
good,972,1
good,973,1
good,974,1
good,975,1
good,976,1
good,977,1
good,978,1
good,979,1
good,980,1
good,981,1
good,982,1
good,983,1
good,984,1
good,985,1
good,986,1
good,987,1
good,988,1
good,989,1
good,990,1
good,991,1
good,992,1
good,993,1
good,994,1
good,995,1
good,996,1
good,997,1
good,998,1
good,999,1
bad,0,1
bad,1,1
bad,2,1
bad,3,1
bad,4,1
bad,5,1
bad,6,1
bad,7,0
bad,8,0
bad,9,0
bad,10,0
bad,11,0
bad,12,0
bad,13,0
bad,14,0
bad,15,0
bad,16,0
bad,17,0
bad,18,0
bad,19,0
bad,20,0
bad,21,0
bad,22,0
bad,23,0
bad,24,1
bad,25,1
bad,26,1
bad,27,1
bad,28,1
bad,29,1
bad,30,1
bad,31,1
bad,32,1
bad,33,1
bad,34,1
bad,35,1
bad,36,1
bad,37,1
bad,38,1
bad,39,1
bad,40,1
bad,41,1
bad,42,1
bad,43,1
bad,44,1
bad,45,1
bad,46,1
bad,47,1
bad,48,1
bad,49,1
bad,50,1
bad,51,1
bad,52,1
bad,53,1
bad,54,1
bad,55,1
bad,56,0
bad,57,1
bad,58,1
bad,59,0
bad,60,0
bad,61,0
bad,62,0
bad,63,0
bad,64,0
bad,65,0
bad,66,0
bad,67,0
bad,68,0
bad,69,0
bad,70,0
bad,71,0
bad,72,0
bad,73,0
bad,74,0
bad,75,0
bad,76,1
bad,77,1
bad,78,1
bad,79,1
bad,80,1
bad,81,1
bad,82,1
bad,83,1
bad,84,1
bad,85,1
bad,86,1
bad,87,1
bad,88,1
bad,89,1
bad,90,1
bad,91,1
bad,92,1
bad,93,1
bad,94,1
bad,95,1
bad,96,1
bad,97,1
bad,98,1
bad,99,1
bad,100,1
bad,101,1
bad,102,1
bad,103,1
bad,104,1
bad,105,1
bad,106,1
bad,107,1
bad,108,1
bad,109,1
bad,110,1
bad,111,1
bad,112,1
bad,113,1
bad,114,1
bad,115,1
bad,116,1
bad,117,1
bad,118,1
bad,119,1
bad,120,1
bad,121,0
bad,122,0
bad,123,0
bad,124,0
bad,125,0
bad,126,0
bad,127,0
bad,128,0
bad,129,0
bad,130,0
bad,131,0
bad,132,0
bad,133,1
bad,134,1
bad,135,1
bad,136,1
bad,137,1
bad,138,1
bad,139,1
bad,140,1
bad,141,1
bad,142,1
bad,143,1
bad,144,1
bad,145,1
bad,146,1
bad,147,1
bad,148,1
bad,149,1
bad,150,0
bad,151,0
bad,152,0
bad,153,0
bad,154,0
bad,155,0
bad,156,0
bad,157,0
bad,158,0
bad,159,0
bad,160,0
bad,161,0
bad,162,0
bad,163,0
bad,164,0
bad,165,0
bad,166,1
bad,167,1
bad,168,1
bad,169,1
bad,170,1
bad,171,1
bad,172,1
bad,173,1
bad,174,1
bad,175,1
bad,176,1
bad,177,1
bad,178,0
bad,179,0
bad,180,0
bad,181,0
bad,182,0
bad,183,0
bad,184,0
bad,185,0
bad,186,0
bad,187,0
bad,188,0
bad,189,0
bad,190,0
bad,191,0
bad,192,0
bad,193,0
bad,194,0
bad,195,0
bad,196,0
bad,197,0
bad,198,0
bad,199,0
bad,200,0
bad,201,0
bad,202,0
bad,203,0
bad,204,0
bad,205,1
bad,206,1
bad,207,1
bad,208,1
bad,209,1
bad,210,1
bad,211,1
bad,212,1
bad,213,1
bad,214,1
bad,215,1
bad,216,1
bad,217,1
bad,218,1
bad,219,0
bad,220,0
bad,221,0
bad,222,0
bad,223,0
bad,224,0
bad,225,0
bad,226,0
bad,227,0
bad,228,0
bad,229,0
bad,230,0
bad,231,0
bad,232,0
bad,233,0
bad,234,0
bad,235,0
bad,236,0
bad,237,0
bad,238,0
bad,239,0
bad,240,0
bad,241,1
bad,242,1
bad,243,1
bad,244,1
bad,245,1
bad,246,1
bad,247,0
bad,248,0
bad,249,0
bad,250,0
bad,251,0
bad,252,0
bad,253,0
bad,254,0
bad,255,0
bad,256,0
bad,257,0
bad,258,0
bad,259,0
bad,260,0
bad,261,0
bad,262,0
bad,263,0
bad,264,0
bad,265,0
bad,266,0
bad,267,0
bad,268,0
bad,269,0
bad,270,0
bad,271,0
bad,272,0
bad,273,0
bad,274,0
bad,275,0
bad,276,0
bad,277,0
bad,278,0
bad,279,0
bad,280,0
bad,281,0
bad,282,0
bad,283,0
bad,284,0
bad,285,0
bad,286,0
bad,287,0
bad,288,0
bad,289,0
bad,290,0
bad,291,0
bad,292,0
bad,293,0
bad,294,0
bad,295,0
bad,296,0
bad,297,0
bad,298,0
bad,299,0
bad,300,0
bad,301,0
bad,302,0
bad,303,0
bad,304,0
bad,305,0
bad,306,0
bad,307,0
bad,308,0
bad,309,0
bad,310,0
bad,311,1
bad,312,0
bad,313,0
bad,314,0
bad,315,0
bad,316,1
bad,317,1
bad,318,1
bad,319,1
bad,320,1
bad,321,1
bad,322,1
bad,323,1
bad,324,1
bad,325,1
bad,326,1
bad,327,1
bad,328,1
bad,329,1
bad,330,2
bad,331,2
bad,332,2
bad,333,2
bad,334,2
bad,335,2
bad,336,2
bad,337,2
bad,338,2
bad,339,2
bad,340,2
bad,341,2
bad,342,2
bad,343,2
bad,344,2
bad,345,2
bad,346,2
bad,347,1
bad,348,1
bad,349,2
bad,350,1
bad,351,2
bad,352,2
bad,353,2
bad,354,2
bad,355,2
bad,356,2
bad,357,2
bad,358,1
bad,359,1
bad,360,1
bad,361,1
bad,362,1
bad,363,0
bad,364,0
bad,365,0
bad,366,0
bad,367,0
bad,368,0
bad,369,0
bad,370,0
bad,371,0
bad,372,0
bad,373,0
bad,374,0
bad,375,0
bad,376,0
bad,377,0
bad,378,0
bad,379,0
bad,380,0
bad,381,0
bad,382,1
bad,383,1
bad,384,1
bad,385,0
bad,386,0
bad,387,0
bad,388,0
bad,389,0
bad,390,0
bad,391,0
bad,392,0
bad,393,0
bad,394,0
bad,395,0
bad,396,0
bad,397,0
bad,398,0
bad,399,0
bad,400,0
bad,401,0
bad,402,0
bad,403,0
bad,404,0
bad,405,1
bad,406,1
bad,407,1
bad,408,1
bad,409,1
bad,410,1
bad,411,1
bad,412,1
bad,413,1
bad,414,1
bad,415,1
bad,416,0
bad,417,0
bad,418,1
bad,419,1
bad,420,1
bad,421,1
bad,422,1
bad,423,1
bad,424,1
bad,425,1
bad,426,1
bad,427,1
bad,428,1
bad,429,2
bad,430,1
bad,431,1
bad,432,1
bad,433,1
bad,434,1
bad,435,1
bad,436,1
bad,437,1
bad,438,1
bad,439,1
bad,440,1
bad,441,1
bad,442,1
bad,443,1
bad,444,1
bad,445,2
bad,446,2
bad,447,2
bad,448,2
bad,449,2
bad,450,2
bad,451,2
bad,452,2
bad,453,2
bad,454,2
bad,455,2
bad,456,2
bad,457,2
bad,458,3
bad,459,3
bad,460,3
bad,461,3
bad,462,3
bad,463,3
bad,464,3
bad,465,3
bad,466,3
bad,467,3
bad,468,3
bad,469,2
bad,470,2
bad,471,2
bad,472,2
bad,473,2
bad,474,2
bad,475,2
bad,476,2
bad,477,2
bad,478,2
bad,479,2
bad,480,1
bad,481,1
bad,482,1
bad,483,1
bad,484,1
bad,485,1
bad,486,1
bad,487,1
bad,488,2
bad,489,2
bad,490,2
bad,491,2
bad,492,2
bad,493,2
bad,494,2
bad,495,2
bad,496,2
bad,497,2
bad,498,2
bad,499,2
bad,500,2
bad,501,2
bad,502,2
bad,503,2
bad,504,2
bad,505,2
bad,506,2
bad,507,2
bad,508,2
bad,509,2
bad,510,2
bad,511,2
bad,512,2
bad,513,2
bad,514,2
bad,515,2
bad,516,2
bad,517,2
bad,518,2
bad,519,2
bad,520,2
bad,521,2
bad,522,2
bad,523,2
bad,524,2
bad,525,2
bad,526,2
bad,527,2
bad,528,2
bad,529,2
bad,530,2
bad,531,2
bad,532,2
bad,533,2
bad,534,2
bad,535,2
bad,536,2
bad,537,2
bad,538,2
bad,539,2
bad,540,2
bad,541,2
bad,542,2
bad,543,2
bad,544,2
bad,545,2
bad,546,2
bad,547,2
bad,548,2
bad,549,2
bad,550,2
bad,551,2
bad,552,2
bad,553,2
bad,554,1
bad,555,1
bad,556,1
bad,557,1
bad,558,1
bad,559,1
bad,560,1
bad,561,1
bad,562,2
bad,563,2
bad,564,2
bad,565,2
bad,566,2
bad,567,2
bad,568,2
bad,569,2
bad,570,2
bad,571,2
bad,572,2
bad,573,2
bad,574,2
bad,575,2
bad,576,2
bad,577,2
bad,578,2
bad,579,2
bad,580,2
bad,581,2
bad,582,2
bad,583,2
bad,584,2
bad,585,2
bad,586,2
bad,587,2
bad,588,2
bad,589,2
bad,590,2
bad,591,2
bad,592,2
bad,593,2
bad,594,2
bad,595,2
bad,596,2
bad,597,2
bad,598,2
bad,599,2
bad,600,2
bad,601,2
bad,602,2
bad,603,2
bad,604,2
bad,605,2
bad,606,2
bad,607,2
bad,608,2
bad,609,2
bad,610,2
bad,611,2
bad,612,2
bad,613,2
bad,614,1
bad,615,1
bad,616,1
bad,617,1
bad,618,1
bad,619,1
bad,620,1
bad,621,1
bad,622,1
bad,623,1
bad,624,1
bad,625,1
bad,626,1
bad,627,1
bad,628,1
bad,629,2
bad,630,2
bad,631,2
bad,632,2
bad,633,2
bad,634,2
bad,635,2
bad,636,2
bad,637,2
bad,638,2
bad,639,2
bad,640,2
bad,641,2
bad,642,2
bad,643,2
bad,644,2
bad,645,2
bad,646,3
bad,647,3
bad,648,3
bad,649,3
bad,650,3
bad,651,3
bad,652,3
bad,653,3
bad,654,3
bad,655,3
bad,656,3
bad,657,3
bad,658,3
bad,659,2
bad,660,2
bad,661,2
bad,662,2
bad,663,2
bad,664,1
bad,665,1
bad,666,1
bad,667,1
bad,668,1
bad,669,1
bad,670,1
bad,671,0
bad,672,1
bad,673,1
bad,674,1
bad,675,1
bad,676,1
bad,677,1
bad,678,1
bad,679,1
bad,680,1
bad,681,1
bad,682,1
bad,683,1
bad,684,2
bad,685,2
bad,686,2
bad,687,2
bad,688,2
bad,689,2
bad,690,2
bad,691,2
bad,692,2
bad,693,2
bad,694,2
bad,695,2
bad,696,2
bad,697,2
bad,698,2
bad,699,2
bad,700,2
bad,701,2
bad,702,2
bad,703,2
bad,704,2
bad,705,3
bad,706,3
bad,707,3
bad,708,3
bad,709,3
bad,710,3
bad,711,3
bad,712,3
bad,713,2
bad,714,3
bad,715,3
bad,716,3
bad,717,3
bad,718,3
bad,719,3
bad,720,3
bad,721,3
bad,722,3
bad,723,3
bad,724,3
bad,725,3
bad,726,3
bad,727,3
bad,728,3
bad,729,3
bad,730,3
bad,731,3
bad,732,3
bad,733,3
bad,734,3
bad,735,3
bad,736,3
bad,737,3
bad,738,3
bad,739,3
bad,740,3
bad,741,3
bad,742,3
bad,743,3
bad,744,3
bad,745,3
bad,746,3
bad,747,3
bad,748,3
bad,749,3
bad,750,3
bad,751,3
bad,752,3
bad,753,3
bad,754,3
bad,755,3
bad,756,3
bad,757,3
bad,758,3
bad,759,3
bad,760,3
bad,761,3
bad,762,3
bad,763,2
bad,764,3
bad,765,3
bad,766,3
bad,767,3
bad,768,2
bad,769,2
bad,770,2
bad,771,2
bad,772,2
bad,773,2
bad,774,2
bad,775,2
bad,776,2
bad,777,3
bad,778,3
bad,779,3
bad,780,3
bad,781,3
bad,782,3
bad,783,3
bad,784,3
bad,785,3
bad,786,3
bad,787,3
bad,788,3
bad,789,3
bad,790,3
bad,791,3
bad,792,3
bad,793,3
bad,794,3
bad,795,3
bad,796,3
bad,797,3
bad,798,3
bad,799,3
bad,800,3
bad,801,3
bad,802,3
bad,803,3
bad,804,3
bad,805,3
bad,806,3
bad,807,3
bad,808,3
bad,809,3
bad,810,3
bad,811,3
bad,812,3
bad,813,3
bad,814,3
bad,815,3
bad,816,3
bad,817,3
bad,818,3
bad,819,3
bad,820,3
bad,821,3
bad,822,3
bad,823,3
bad,824,3
bad,825,3
bad,826,3
bad,827,3
bad,828,3
bad,829,3
bad,830,3
bad,831,3
bad,832,3
bad,833,3
bad,834,3
bad,835,3
bad,836,3
bad,837,3
bad,838,3
bad,839,3
bad,840,3
bad,841,3
bad,842,3
bad,843,3
bad,844,3
bad,845,3
bad,846,3
bad,847,3
bad,848,3
bad,849,3
bad,850,3
bad,851,3
bad,852,3
bad,853,3
bad,854,3
bad,855,3
bad,856,3
bad,857,3
bad,858,3
bad,859,3
bad,860,3
bad,861,3
bad,862,3
bad,863,3
bad,864,3
bad,865,3
bad,866,3
bad,867,3
bad,868,3
bad,869,3
bad,870,3
bad,871,3
bad,872,3
bad,873,3
bad,874,3
bad,875,3
bad,876,3
bad,877,3
bad,878,3
bad,879,3
bad,880,3
bad,881,3
bad,882,3
bad,883,3
bad,884,3
bad,885,3
bad,886,3
bad,887,3
bad,888,3
bad,889,3
bad,890,3
bad,891,3
bad,892,3
bad,893,3
bad,894,3
bad,895,3
bad,896,3
bad,897,3
bad,898,3
bad,899,3
bad,900,3
bad,901,3
bad,902,3
bad,903,3
bad,904,3
bad,905,3
bad,906,3
bad,907,3
bad,908,3
bad,909,3
bad,910,3
bad,911,3
bad,912,3
bad,913,3
bad,914,3
bad,915,3
bad,916,3
bad,917,3
bad,918,3
bad,919,3
bad,920,3
bad,921,3
bad,922,3
bad,923,3
bad,924,3
bad,925,3
bad,926,3
bad,927,3
bad,928,3
bad,929,3
bad,930,3
bad,931,3
bad,932,3
bad,933,3
bad,934,3
bad,935,3
bad,936,3
bad,937,3
bad,938,3
bad,939,3
bad,940,3
bad,941,3
bad,942,3
bad,943,3
bad,944,3
bad,945,3
bad,946,3
bad,947,3
bad,948,3
bad,949,3
bad,950,3
bad,951,3
bad,952,3
bad,953,3
bad,954,3
bad,955,3
bad,956,3
bad,957,3
bad,958,3
bad,959,3
bad,960,3
bad,961,2
bad,962,2
bad,963,2
bad,964,2
bad,965,2
bad,966,2
bad,967,2
bad,968,2
bad,969,2
bad,970,2
bad,971,2
bad,972,2
bad,973,2
bad,974,2
bad,975,2
bad,976,2
bad,977,2
bad,978,2
bad,979,2
bad,980,2
bad,981,3
bad,982,3
bad,983,3
bad,984,3
bad,985,3
bad,986,3
bad,987,3
bad,988,3
bad,989,3
bad,990,3
bad,991,3
bad,992,3
bad,993,3
bad,994,3
bad,995,3
bad,996,3
bad,997,3
bad,998,3
bad,999,3
bad,1000,2
bad,1001,2
bad,1002,2
bad,1003,2
bad,1004,2
bad,1005,1
bad,1006,1
bad,1007,1
bad,1008,1
bad,1009,1
bad,1010,1
bad,1011,1
bad,1012,1
bad,1013,1
bad,1014,1
bad,1015,1
bad,1016,1
bad,1017,1
bad,1018,1
bad,1019,1
bad,1020,1
bad,1021,2
bad,1022,2
bad,1023,2
bad,1024,2
bad,1025,2
bad,1026,2
bad,1027,2
bad,1028,2
bad,1029,2
bad,1030,2
bad,1031,2
bad,1032,2
bad,1033,2
bad,1034,2
bad,1035,2
bad,1036,2
bad,1037,2
bad,1038,2
bad,1039,2
bad,1040,2
bad,1041,2
bad,1042,2
bad,1043,2
bad,1044,2
bad,1045,2
bad,1046,2
bad,1047,2
bad,1048,2
bad,1049,2
bad,1050,2
bad,1051,2
bad,1052,2
bad,1053,2
bad,1054,2
bad,1055,2
bad,1056,2
bad,1057,2
bad,1058,2
bad,1059,2
bad,1060,2
bad,1061,2
bad,1062,2
bad,1063,2
bad,1064,2
bad,1065,2
bad,1066,2
bad,1067,2
bad,1068,2
bad,1069,2
bad,1070,2
bad,1071,2
bad,1072,2
bad,1073,2
bad,1074,2
bad,1075,2
bad,1076,2
bad,1077,2
bad,1078,2
bad,1079,2
bad,1080,2
bad,1081,2
bad,1082,2
bad,1083,2
bad,1084,2
bad,1085,2
bad,1086,2
bad,1087,2
bad,1088,2
bad,1089,2
bad,1090,2
bad,1091,2
bad,1092,2
bad,1093,2
bad,1094,2
bad,1095,2
bad,1096,2
bad,1097,2
bad,1098,2
bad,1099,2
bad,1100,2
bad,1101,2
bad,1102,2
bad,1103,2
bad,1104,2
bad,1105,2
bad,1106,2
bad,1107,2
bad,1108,2
bad,1109,2
bad,1110,2
bad,1111,2
bad,1112,2
bad,1113,2
bad,1114,2
bad,1115,2
bad,1116,2
bad,1117,2
bad,1118,2
bad,1119,2
bad,1120,2
bad,1121,2
bad,1122,2
bad,1123,2
bad,1124,2
bad,1125,2
bad,1126,2
bad,1127,2
bad,1128,2
bad,1129,2
bad,1130,2
bad,1131,2
bad,1132,2
bad,1133,2
bad,1134,1
bad,1135,1
bad,1136,1
bad,1137,1
bad,1138,1
bad,1139,1
bad,1140,1
bad,1141,2
bad,1142,2
bad,1143,2
bad,1144,2
bad,1145,2
bad,1146,2
bad,1147,2
bad,1148,2
bad,1149,2
bad,1150,2
bad,1151,2
bad,1152,2
bad,1153,2
bad,1154,2
bad,1155,2
bad,1156,2
bad,1157,1
bad,1158,1
bad,1159,1
bad,1160,1
bad,1161,1
bad,1162,1
bad,1163,1
bad,1164,1
bad,1165,1
bad,1166,1
bad,1167,1
bad,1168,1
bad,1169,1
bad,1170,1
bad,1171,2
bad,1172,2
bad,1173,2
bad,1174,2
bad,1175,2
bad,1176,2
bad,1177,2
bad,1178,3
bad,1179,3
bad,1180,3
bad,1181,3
bad,1182,3
bad,1183,3
bad,1184,3
bad,1185,3
bad,1186,3
bad,1187,3
bad,1188,3
bad,1189,3
bad,1190,3
bad,1191,3
bad,1192,3
bad,1193,3
bad,1194,3
bad,1195,3
bad,1196,3
bad,1197,3
bad,1198,3
bad,1199,3
bad,1200,3
bad,1201,3
bad,1202,3
bad,1203,3
bad,1204,3
bad,1205,3
bad,1206,3
bad,1207,3
bad,1208,3
bad,1209,3
bad,1210,3
bad,1211,3
bad,1212,3
bad,1213,3
bad,1214,3
bad,1215,3
bad,1216,3
bad,1217,3
bad,1218,3
bad,1219,3
bad,1220,3
bad,1221,3
bad,1222,3
bad,1223,3
bad,1224,3
bad,1225,3
bad,1226,3
bad,1227,3
bad,1228,3
bad,1229,3
bad,1230,3
bad,1231,3
bad,1232,3
bad,1233,3
bad,1234,3
bad,1235,3
bad,1236,3
bad,1237,3
bad,1238,3
bad,1239,3
bad,1240,3
bad,1241,3
bad,1242,3
bad,1243,3
bad,1244,3
bad,1245,3
bad,1246,3
bad,1247,3
bad,1248,3
bad,1249,3
bad,1250,3
bad,1251,3
bad,1252,3
bad,1253,3
bad,1254,3
bad,1255,3
bad,1256,3
bad,1257,3
bad,1258,3
bad,1259,3
bad,1260,3
bad,1261,3
bad,1262,3
bad,1263,3
bad,1264,3
bad,1265,3
bad,1266,3
bad,1267,3
bad,1268,3
bad,1269,3
bad,1270,3
bad,1271,3
bad,1272,3
bad,1273,3
bad,1274,3
bad,1275,3
bad,1276,3
bad,1277,3
bad,1278,3
bad,1279,3
bad,1280,3
bad,1281,3
bad,1282,3
bad,1283,3
bad,1284,3
bad,1285,3
bad,1286,3
bad,1287,3
bad,1288,3
bad,1289,3
bad,1290,3
bad,1291,3
bad,1292,3
bad,1293,3
bad,1294,3
bad,1295,3
bad,1296,3
bad,1297,3
bad,1298,3
bad,1299,3
bad,1300,3
bad,1301,3
bad,1302,3
bad,1303,2
bad,1304,2
bad,1305,2
bad,1306,2
bad,1307,2
bad,1308,1
bad,1309,1
bad,1310,1
bad,1311,1
bad,1312,1
bad,1313,1
bad,1314,1
bad,1315,0
bad,1316,0
bad,1317,0
bad,1318,0
bad,1319,0
bad,1320,1
bad,1321,0
bad,1322,0
bad,1323,1
bad,1324,1
bad,1325,1
bad,1326,1
bad,1327,1
bad,1328,1
bad,1329,1
bad,1330,1
bad,1331,1
bad,1332,1
bad,1333,1
bad,1334,1
bad,1335,1
bad,1336,1
bad,1337,1
bad,1338,1
bad,1339,1
bad,1340,1
bad,1341,1
bad,1342,1
bad,1343,1
bad,1344,1
bad,1345,1
bad,1346,1
bad,1347,1
bad,1348,1
bad,1349,1
bad,1350,1
bad,1351,1
bad,1352,2
bad,1353,2
bad,1354,2
bad,1355,2
bad,1356,2
bad,1357,3
bad,1358,3
bad,1359,3
bad,1360,3
bad,1361,3
bad,1362,3
bad,1363,3
bad,1364,3
bad,1365,3
bad,1366,3
bad,1367,3
bad,1368,3
bad,1369,3
bad,1370,3
bad,1371,3
bad,1372,3
bad,1373,3
bad,1374,3
bad,1375,3
bad,1376,3
bad,1377,3
bad,1378,3
bad,1379,3
bad,1380,3
bad,1381,3
bad,1382,3
bad,1383,3
bad,1384,3
bad,1385,3
bad,1386,3
bad,1387,3
bad,1388,3
bad,1389,3
bad,1390,3
bad,1391,3
bad,1392,3
bad,1393,3
bad,1394,3
bad,1395,3
bad,1396,3
bad,1397,3
bad,1398,3
bad,1399,3
bad,1400,3
bad,1401,3
bad,1402,3
bad,1403,3
bad,1404,3
bad,1405,3
bad,1406,3
bad,1407,3
bad,1408,3
bad,1409,3
bad,1410,3
bad,1411,3
bad,1412,3
bad,1413,3
bad,1414,3
bad,1415,3
bad,1416,3
bad,1417,3
bad,1418,3
bad,1419,3
bad,1420,3
bad,1421,3
bad,1422,3
bad,1423,3
bad,1424,3
bad,1425,3
bad,1426,3
bad,1427,3
bad,1428,3
bad,1429,3
bad,1430,3
bad,1431,3
bad,1432,3
bad,1433,3
bad,1434,3
bad,1435,3
bad,1436,3
bad,1437,3
bad,1438,3
bad,1439,3
bad,1440,3
bad,1441,3
bad,1442,3
bad,1443,3
bad,1444,3
bad,1445,3
bad,1446,3
bad,1447,3
bad,1448,3
bad,1449,3
bad,1450,3
bad,1451,3
bad,1452,3
bad,1453,3
bad,1454,3
bad,1455,3
bad,1456,3
bad,1457,3
bad,1458,3
bad,1459,3
bad,1460,3
bad,1461,3
bad,1462,3
bad,1463,3
bad,1464,3
bad,1465,3
bad,1466,3
bad,1467,3
bad,1468,3
bad,1469,3
bad,1470,3
bad,1471,3
bad,1472,3
bad,1473,3
bad,1474,3
bad,1475,3
bad,1476,3
bad,1477,3
bad,1478,3
bad,1479,3
bad,1480,3
bad,1481,3
bad,1482,3
bad,1483,2
bad,1484,2
bad,1485,2
bad,1486,2
bad,1487,3
bad,1488,3
bad,1489,3
bad,1490,3
bad,1491,3
bad,1492,3
bad,1493,3
bad,1494,3
bad,1495,3
bad,1496,3
bad,1497,3
bad,1498,3
bad,1499,3
bad,1500,3
bad,1501,3
bad,1502,3
bad,1503,3
bad,1504,3
bad,1505,3
bad,1506,3
bad,1507,3
bad,1508,3
bad,1509,3
bad,1510,3
bad,1511,3
bad,1512,3
bad,1513,3
bad,1514,3
bad,1515,3
bad,1516,3
bad,1517,3
bad,1518,3
bad,1519,3
bad,1520,3
bad,1521,3
bad,1522,3
bad,1523,3
bad,1524,3
bad,1525,3
bad,1526,2
bad,1527,2
bad,1528,2
bad,1529,2
bad,1530,2
bad,1531,2
bad,1532,2
bad,1533,2
bad,1534,3
bad,1535,2
bad,1536,3
bad,1537,3
bad,1538,3
bad,1539,3
bad,1540,3
bad,1541,3
bad,1542,3
bad,1543,3
bad,1544,3
bad,1545,3
bad,1546,3
bad,1547,3
bad,1548,3
bad,1549,3
bad,1550,3
bad,1551,2
bad,1552,2
bad,1553,2
bad,1554,2
bad,1555,2
bad,1556,2
bad,1557,1
bad,1558,1
bad,1559,1
bad,1560,1
bad,1561,1
bad,1562,1
bad,1563,1
bad,1564,1
bad,1565,1
bad,1566,1
bad,1567,1
bad,1568,1
bad,1569,1
bad,1570,1
bad,1571,1
bad,1572,1
bad,1573,1
bad,1574,1
bad,1575,1
bad,1576,1
bad,1577,1
bad,1578,1
bad,1579,1
bad,1580,1
bad,1581,2
bad,1582,2
bad,1583,2
bad,1584,2
bad,1585,2
bad,1586,2
bad,1587,2
bad,1588,2
bad,1589,2
bad,1590,2
bad,1591,2
bad,1592,2
bad,1593,2
bad,1594,2
bad,1595,2
bad,1596,2
bad,1597,2
bad,1598,2
bad,1599,2
bad,1600,2
bad,1601,2
bad,1602,3
bad,1603,3
bad,1604,3
bad,1605,3
bad,1606,3
bad,1607,3
bad,1608,3
bad,1609,3
bad,1610,3
bad,1611,3
bad,1612,3
bad,1613,3
bad,1614,3
bad,1615,3
bad,1616,3
bad,1617,3
bad,1618,3
bad,1619,3
bad,1620,3
bad,1621,3
bad,1622,3
bad,1623,3
bad,1624,3
bad,1625,3
bad,1626,3
bad,1627,3
bad,1628,3
bad,1629,3
bad,1630,3
bad,1631,3
bad,1632,3
bad,1633,3
bad,1634,3
bad,1635,3
bad,1636,3
bad,1637,3
bad,1638,3
bad,1639,3
bad,1640,3
bad,1641,3
bad,1642,3
bad,1643,3
bad,1644,3
bad,1645,3
bad,1646,3
bad,1647,3
bad,1648,3
bad,1649,3
bad,1650,3
bad,1651,3
bad,1652,3
bad,1653,3
bad,1654,3
bad,1655,3
bad,1656,3
bad,1657,3
bad,1658,3
bad,1659,3
bad,1660,3
bad,1661,3
bad,1662,3
bad,1663,3
bad,1664,3
bad,1665,3
bad,1666,3
bad,1667,3
bad,1668,3
bad,1669,3
bad,1670,3
bad,1671,3
bad,1672,3
bad,1673,3
bad,1674,3
bad,1675,3
bad,1676,3
bad,1677,3
bad,1678,3
bad,1679,3
bad,1680,3
bad,1681,3
bad,1682,3
bad,1683,3
bad,1684,3
bad,1685,3
bad,1686,3
bad,1687,3
bad,1688,3
bad,1689,3
bad,1690,3
bad,1691,3
bad,1692,3
bad,1693,3
bad,1694,3
bad,1695,2
bad,1696,2
bad,1697,2
bad,1698,2
bad,1699,2
bad,1700,2
bad,1701,1
bad,1702,1
bad,1703,1
bad,1704,1
bad,1705,1
bad,1706,1
bad,1707,1
bad,1708,1
bad,1709,1
bad,1710,1
bad,1711,1
bad,1712,1
bad,1713,1
bad,1714,1
bad,1715,2
bad,1716,2
bad,1717,2
bad,1718,2
bad,1719,2
bad,1720,2
bad,1721,2
bad,1722,2
bad,1723,2
bad,1724,2
bad,1725,2
bad,1726,2
bad,1727,2
bad,1728,3
bad,1729,3
bad,1730,3
bad,1731,2
bad,1732,3
bad,1733,3
bad,1734,3
bad,1735,3
bad,1736,3
bad,1737,3
bad,1738,3
bad,1739,3
bad,1740,3
bad,1741,3
bad,1742,3
bad,1743,3
bad,1744,3
bad,1745,3
bad,1746,3
bad,1747,3
bad,1748,3
bad,1749,3
bad,1750,3
bad,1751,3
bad,1752,3
bad,1753,2
bad,1754,3
bad,1755,3
bad,1756,3
bad,1757,2
bad,1758,3
bad,1759,3
bad,1760,3
bad,1761,3
bad,1762,3
bad,1763,3
bad,1764,3
bad,1765,3
bad,1766,3
bad,1767,3
bad,1768,3
bad,1769,3
bad,1770,3
bad,1771,3
bad,1772,3
bad,1773,3
bad,1774,3
bad,1775,3
bad,1776,3
bad,1777,3
bad,1778,3
bad,1779,3
bad,1780,3
bad,1781,3
bad,1782,3
bad,1783,3
bad,1784,3
bad,1785,3
bad,1786,3
bad,1787,3
bad,1788,3
bad,1789,3
bad,1790,3
bad,1791,3
bad,1792,3
bad,1793,3
bad,1794,3
bad,1795,3
bad,1796,3
bad,1797,3
bad,1798,3
bad,1799,3
bad,1800,3
bad,1801,3
bad,1802,3
bad,1803,3
bad,1804,3
bad,1805,3
bad,1806,3
bad,1807,3
bad,1808,3
bad,1809,3
bad,1810,3
bad,1811,3
bad,1812,3
bad,1813,3
bad,1814,3
bad,1815,3
bad,1816,3
bad,1817,3
bad,1818,3
bad,1819,3
bad,1820,3
bad,1821,3
bad,1822,3
bad,1823,3
bad,1824,3
bad,1825,3
bad,1826,3
bad,1827,3
bad,1828,3
bad,1829,3
bad,1830,3
bad,1831,3
bad,1832,3
bad,1833,3
bad,1834,3
bad,1835,3
bad,1836,3
bad,1837,3
bad,1838,3
bad,1839,3
bad,1840,3
bad,1841,3
bad,1842,3
bad,1843,3
bad,1844,3
bad,1845,3
bad,1846,3
bad,1847,3
bad,1848,3
bad,1849,3
bad,1850,3
bad,1851,3
bad,1852,3
bad,1853,3
bad,1854,3
bad,1855,3
bad,1856,3
bad,1857,3
bad,1858,3
bad,1859,3
bad,1860,3
bad,1861,3
bad,1862,3
bad,1863,3
bad,1864,3
bad,1865,3
bad,1866,3
bad,1867,3
bad,1868,3
bad,1869,3
bad,1870,3
bad,1871,3
bad,1872,3
bad,1873,3
bad,1874,3
bad,1875,3
bad,1876,3
bad,1877,3
bad,1878,3
bad,1879,3
bad,1880,3
bad,1881,3
bad,1882,3
bad,1883,3
bad,1884,3
bad,1885,3
bad,1886,3
bad,1887,3
bad,1888,3
bad,1889,3
bad,1890,3
bad,1891,3
bad,1892,3
bad,1893,3
bad,1894,3
bad,1895,3
bad,1896,3
bad,1897,3
bad,1898,3
bad,1899,3
bad,1900,3
bad,1901,3
bad,1902,3
bad,1903,3
bad,1904,3
bad,1905,3
bad,1906,3
bad,1907,3
bad,1908,3
bad,1909,3
bad,1910,3
bad,1911,3
bad,1912,3
bad,1913,3
bad,1914,3
bad,1915,3
bad,1916,3
bad,1917,3
bad,1918,3
bad,1919,3
bad,1920,3
bad,1921,3
bad,1922,3
bad,1923,3
bad,1924,3
bad,1925,3
bad,1926,3
bad,1927,3
bad,1928,3
bad,1929,3
bad,1930,3
bad,1931,3
bad,1932,3
bad,1933,3
bad,1934,3
bad,1935,3
bad,1936,3
bad,1937,3
bad,1938,3
bad,1939,3
bad,1940,3
bad,1941,3
bad,1942,3
bad,1943,3
bad,1944,3
bad,1945,3
bad,1946,3
bad,1947,3
bad,1948,3
bad,1949,3
bad,1950,3
bad,1951,3
bad,1952,3
bad,1953,3
bad,1954,3
bad,1955,2
bad,1956,2
bad,1957,2
bad,1958,2
bad,1959,2
bad,1960,2
bad,1961,2
bad,1962,2
bad,1963,3
bad,1964,3
bad,1965,3
bad,1966,3
bad,1967,3
bad,1968,3
bad,1969,3
bad,1970,3
bad,1971,3
bad,1972,3
bad,1973,3
bad,1974,3
bad,1975,3
bad,1976,3
bad,1977,3
bad,1978,3
bad,1979,3
bad,1980,3
bad,1981,3
bad,1982,3
bad,1983,3
bad,1984,3
bad,1985,3
bad,1986,3
bad,1987,3
bad,1988,3
bad,1989,3
bad,1990,3
bad,1991,3
bad,1992,3
bad,1993,3
bad,1994,3
bad,1995,3
bad,1996,3
bad,1997,3
bad,1998,3
bad,1999,3
bad,2000,3
bad,2001,3
bad,2002,3
bad,2003,3
bad,2004,3
bad,2005,3
bad,2006,3
bad,2007,3
bad,2008,3
bad,2009,3
bad,2010,3
bad,2011,3
bad,2012,3
bad,2013,3
bad,2014,3
bad,2015,3
bad,2016,3
bad,2017,3
bad,2018,3
bad,2019,3
bad,2020,3
bad,2021,3
bad,2022,3
bad,2023,3
bad,2024,3
bad,2025,3
bad,2026,3
bad,2027,3
bad,2028,3
bad,2029,3
bad,2030,3
bad,2031,3
bad,2032,3
bad,2033,3
bad,2034,3
bad,2035,3
bad,2036,3
bad,2037,3
bad,2038,3
bad,2039,3
bad,2040,3
bad,2041,3
bad,2042,3
bad,2043,3
bad,2044,3
bad,2045,3
bad,2046,3
bad,2047,3
bad,2048,3
bad,2049,3
bad,2050,3
bad,2051,3
bad,2052,3
bad,2053,3
bad,2054,3
bad,2055,3
bad,2056,3
bad,2057,3
bad,2058,3
bad,2059,3
bad,2060,3
bad,2061,3
bad,2062,3
bad,2063,3
bad,2064,3
bad,2065,3
bad,2066,3
bad,2067,3
bad,2068,3
bad,2069,3
bad,2070,3
bad,2071,3
bad,2072,3
bad,2073,3
bad,2074,3
bad,2075,3
bad,2076,3
bad,2077,3
bad,2078,3
bad,2079,2
bad,2080,2
bad,2081,2
bad,2082,2
bad,2083,2
bad,2084,2
bad,2085,2
bad,2086,2
bad,2087,3
bad,2088,3
bad,2089,3
bad,2090,3
bad,2091,3
bad,2092,2
bad,2093,2
bad,2094,2
bad,2095,2
bad,2096,2
bad,2097,2
bad,2098,2
bad,2099,2
bad,2100,3
bad,2101,3
bad,2102,3
bad,2103,3
bad,2104,3
bad,2105,3
bad,2106,2
bad,2107,3
bad,2108,3
bad,2109,3
bad,2110,3
bad,2111,3
bad,2112,3
bad,2113,3
bad,2114,3
bad,2115,3
bad,2116,3
bad,2117,3
bad,2118,3
bad,2119,3
bad,2120,3
bad,2121,3
bad,2122,3
bad,2123,3
bad,2124,3
bad,2125,3
bad,2126,3
bad,2127,3
bad,2128,3
bad,2129,3
bad,2130,3
bad,2131,3
bad,2132,3
bad,2133,3
bad,2134,3
bad,2135,3
bad,2136,2
bad,2137,2
bad,2138,2
bad,2139,2
bad,2140,2
bad,2141,2
bad,2142,2
bad,2143,2
bad,2144,2
bad,2145,2
bad,2146,2
bad,2147,2
bad,2148,3
bad,2149,3
bad,2150,3
bad,2151,3
bad,2152,3
bad,2153,3
bad,2154,3
bad,2155,3
bad,2156,3
bad,2157,3
bad,2158,3
bad,2159,3
bad,2160,3
bad,2161,3
bad,2162,3
bad,2163,3
bad,2164,3
bad,2165,3
bad,2166,3
bad,2167,3
bad,2168,3
bad,2169,3
bad,2170,3
bad,2171,3
bad,2172,3
bad,2173,3
bad,2174,3
bad,2175,3
bad,2176,3
bad,2177,3
bad,2178,3
bad,2179,3
bad,2180,3
bad,2181,3
bad,2182,3
bad,2183,3
bad,2184,3
bad,2185,3
bad,2186,3
bad,2187,3
bad,2188,3
bad,2189,3
bad,2190,3
bad,2191,3
bad,2192,3
bad,2193,3
bad,2194,3
bad,2195,3
bad,2196,3
bad,2197,3
bad,2198,3
bad,2199,3
bad,2200,3
bad,2201,3
bad,2202,3
bad,2203,3
bad,2204,3
bad,2205,3
bad,2206,3
bad,2207,3
bad,2208,3
bad,2209,3
bad,2210,3
bad,2211,3
bad,2212,3
bad,2213,3
bad,2214,3
bad,2215,3
bad,2216,3
bad,2217,3
bad,2218,3
bad,2219,3
bad,2220,3
bad,2221,3
bad,2222,3
bad,2223,3
bad,2224,3
bad,2225,3
bad,2226,2
bad,2227,2
bad,2228,2
bad,2229,2
bad,2230,2
bad,2231,1
bad,2232,1
bad,2233,1
bad,2234,1
bad,2235,1
bad,2236,1
bad,2237,1
bad,2238,0
bad,2239,0
bad,2240,0
bad,2241,0
bad,2242,0
bad,2243,0
bad,2244,0
bad,2245,0
bad,2246,0
bad,2247,0
bad,2248,0
bad,2249,0
bad,2250,0
bad,2251,0
bad,2252,0
bad,2253,1
bad,2254,0
bad,2255,1
bad,2256,1
bad,2257,1
bad,2258,1
bad,2259,1
bad,2260,1
bad,2261,1
bad,2262,1
bad,2263,1
bad,2264,2
bad,2265,2
bad,2266,2
bad,2267,2
bad,2268,2
bad,2269,2
bad,2270,2
bad,2271,2
bad,2272,2
bad,2273,2
bad,2274,2
bad,2275,2
bad,2276,2
bad,2277,2
bad,2278,2
bad,2279,2
bad,2280,3
bad,2281,3
bad,2282,3
bad,2283,3
bad,2284,3
bad,2285,3
bad,2286,3
bad,2287,3
bad,2288,3
bad,2289,3
bad,2290,3
bad,2291,3
bad,2292,3
bad,2293,3
bad,2294,2
bad,2295,2
bad,2296,2
bad,2297,2
bad,2298,2
bad,2299,2
bad,2300,2
bad,2301,2
bad,2302,2
bad,2303,2
bad,2304,2
bad,2305,2
bad,2306,2
bad,2307,2
bad,2308,2
bad,2309,2
bad,2310,2
bad,2311,2
bad,2312,3
bad,2313,2
bad,2314,3
bad,2315,3
bad,2316,3
bad,2317,2
bad,2318,3
bad,2319,3
bad,2320,2
bad,2321,3
bad,2322,3
bad,2323,3
bad,2324,3
bad,2325,3
bad,2326,3
bad,2327,3
bad,2328,3
bad,2329,3
bad,2330,3
bad,2331,3
bad,2332,3
bad,2333,3
bad,2334,3
bad,2335,3
bad,2336,3
bad,2337,3
bad,2338,3
bad,2339,3
bad,2340,3
bad,2341,3
bad,2342,3
bad,2343,3
bad,2344,3
bad,2345,3
bad,2346,3
bad,2347,3
bad,2348,3
bad,2349,3
bad,2350,3
bad,2351,3
bad,2352,3
bad,2353,3
bad,2354,3
bad,2355,3
bad,2356,3
bad,2357,3
bad,2358,3
bad,2359,3
bad,2360,3
bad,2361,3
bad,2362,3
bad,2363,3
bad,2364,3
bad,2365,3
bad,2366,3
bad,2367,3
bad,2368,3
bad,2369,3
bad,2370,3
bad,2371,3
bad,2372,3
bad,2373,3
bad,2374,3
bad,2375,3
bad,2376,3
bad,2377,3
bad,2378,3
bad,2379,3
bad,2380,3
bad,2381,3
bad,2382,3
bad,2383,3
bad,2384,3
bad,2385,3
bad,2386,3
bad,2387,3
bad,2388,3
bad,2389,3
bad,2390,3
bad,2391,3
bad,2392,3
bad,2393,3
bad,2394,3
bad,2395,3
bad,2396,3
bad,2397,3
bad,2398,3
bad,2399,3
bad,2400,3
bad,2401,3
bad,2402,3
bad,2403,3
bad,2404,3
bad,2405,3
bad,2406,3
bad,2407,3
bad,2408,3
bad,2409,3
bad,2410,3
bad,2411,3
bad,2412,3
bad,2413,3
bad,2414,3
bad,2415,3
bad,2416,3
bad,2417,3
bad,2418,3
bad,2419,3
bad,2420,3
bad,2421,3
bad,2422,3
bad,2423,3
bad,2424,3
bad,2425,3
bad,2426,3
bad,2427,3
bad,2428,3
bad,2429,3
bad,2430,3
bad,2431,3
bad,2432,3
bad,2433,3
bad,2434,3
bad,2435,3
bad,2436,3
bad,2437,3
bad,2438,3
bad,2439,3
bad,2440,3
bad,2441,3
bad,2442,3
bad,2443,3
bad,2444,3
bad,2445,3
bad,2446,3
bad,2447,3
bad,2448,3
bad,2449,3
bad,2450,3
bad,2451,3
bad,2452,3
bad,2453,3
bad,2454,3
bad,2455,3
bad,2456,3
bad,2457,3
bad,2458,3
bad,2459,3
bad,2460,3
bad,2461,3
bad,2462,3
bad,2463,3
bad,2464,3
bad,2465,3
bad,2466,3
bad,2467,3
bad,2468,3
bad,2469,3
bad,2470,3
bad,2471,2
bad,2472,2
bad,2473,2
bad,2474,2
bad,2475,2
bad,2476,2
bad,2477,2
bad,2478,2
bad,2479,2
bad,2480,2
bad,2481,2
bad,2482,2
bad,2483,2
bad,2484,2
bad,2485,2
bad,2486,2
bad,2487,2
bad,2488,2
bad,2489,2
bad,2490,2
bad,2491,2
bad,2492,2
bad,2493,2
bad,2494,2
bad,2495,2
bad,2496,2
bad,2497,2
bad,2498,2
bad,2499,2
bad,2500,2
bad,2501,2
bad,2502,2
bad,2503,2
bad,2504,2
bad,2505,2
bad,2506,2
bad,2507,2
bad,2508,2
bad,2509,2
bad,2510,2
bad,2511,2
bad,2512,3
bad,2513,3
bad,2514,2
bad,2515,2
bad,2516,2
bad,2517,2
bad,2518,2
bad,2519,2
bad,2520,2
bad,2521,2
bad,2522,2
bad,2523,2
bad,2524,2
bad,2525,2
bad,2526,2
bad,2527,2
bad,2528,2
bad,2529,2
bad,2530,2
bad,2531,2
bad,2532,2
bad,2533,2
bad,2534,2
bad,2535,2
bad,2536,2
bad,2537,2
bad,2538,2
bad,2539,2
bad,2540,2
bad,2541,2
bad,2542,2
bad,2543,2
bad,2544,2
bad,2545,2
bad,2546,2
bad,2547,2
bad,2548,2
bad,2549,2
bad,2550,2
bad,2551,2
bad,2552,2
bad,2553,2
bad,2554,2
bad,2555,2
bad,2556,2
bad,2557,2
bad,2558,2
bad,2559,2
bad,2560,2
bad,2561,2
bad,2562,2
bad,2563,2
bad,2564,2
bad,2565,2
bad,2566,2
bad,2567,2
bad,2568,2
bad,2569,2
bad,2570,2
bad,2571,2
bad,2572,2
bad,2573,2
bad,2574,2
bad,2575,2
bad,2576,2
bad,2577,2
bad,2578,2
bad,2579,2
bad,2580,2
bad,2581,2
bad,2582,2
bad,2583,2
bad,2584,2
bad,2585,2
bad,2586,2
bad,2587,2
bad,2588,2
bad,2589,2
bad,2590,2
bad,2591,2
bad,2592,2
bad,2593,2
bad,2594,2
bad,2595,2
bad,2596,2
bad,2597,2
bad,2598,2
bad,2599,2
bad,2600,2
bad,2601,3
bad,2602,3
bad,2603,3
bad,2604,3
bad,2605,3
bad,2606,3
bad,2607,3
bad,2608,3
bad,2609,3
bad,2610,3
bad,2611,3
bad,2612,3
bad,2613,3
bad,2614,3
bad,2615,3
bad,2616,3
bad,2617,3
bad,2618,3
bad,2619,3
bad,2620,3
bad,2621,3
bad,2622,3
bad,2623,3
bad,2624,3
bad,2625,3
bad,2626,3
bad,2627,3
bad,2628,3
bad,2629,3
bad,2630,3
bad,2631,3
bad,2632,3
bad,2633,3
bad,2634,3
bad,2635,3
bad,2636,3
bad,2637,3
bad,2638,3
bad,2639,3
bad,2640,3
bad,2641,3
bad,2642,3
bad,2643,3
bad,2644,3
bad,2645,3
bad,2646,3
bad,2647,3
bad,2648,3
bad,2649,3
bad,2650,3
bad,2651,3
bad,2652,3
bad,2653,3
bad,2654,3
bad,2655,3
bad,2656,3
bad,2657,3
bad,2658,3
bad,2659,3
bad,2660,3
bad,2661,3
bad,2662,3
bad,2663,3
bad,2664,3
bad,2665,3
bad,2666,3
bad,2667,3
bad,2668,3
bad,2669,3
bad,2670,3
bad,2671,3
bad,2672,3
bad,2673,3
bad,2674,3
bad,2675,3
bad,2676,3
bad,2677,3
bad,2678,3
bad,2679,3
bad,2680,3
bad,2681,3
bad,2682,3
bad,2683,3
bad,2684,3
bad,2685,3
bad,2686,3
bad,2687,3
bad,2688,3
bad,2689,3
bad,2690,3
bad,2691,3
bad,2692,3
bad,2693,3
bad,2694,3
bad,2695,3
bad,2696,3
bad,2697,3
bad,2698,3
bad,2699,3
bad,2700,3
bad,2701,3
bad,2702,3
bad,2703,3
bad,2704,3
bad,2705,3
bad,2706,3
bad,2707,3
bad,2708,3
bad,2709,3
bad,2710,3
bad,2711,3
bad,2712,3
bad,2713,3
bad,2714,3
bad,2715,3
bad,2716,3
bad,2717,3
bad,2718,3
bad,2719,3
bad,2720,3
bad,2721,3
bad,2722,3
bad,2723,3
bad,2724,3
bad,2725,3
bad,2726,3
bad,2727,3
bad,2728,3
bad,2729,3
bad,2730,3
bad,2731,3
bad,2732,3
bad,2733,3
bad,2734,3
bad,2735,3
bad,2736,3
bad,2737,3
bad,2738,3
bad,2739,3
bad,2740,3
bad,2741,3
bad,2742,3
bad,2743,3
bad,2744,3
bad,2745,3
bad,2746,3
bad,2747,3
bad,2748,3
bad,2749,3
bad,2750,3
bad,2751,3
bad,2752,3
bad,2753,3
bad,2754,3
bad,2755,3
bad,2756,3
bad,2757,3
bad,2758,3
bad,2759,3
bad,2760,3
bad,2761,3
bad,2762,3
bad,2763,3
bad,2764,3
bad,2765,3
bad,2766,3
bad,2767,3
bad,2768,3
bad,2769,3
bad,2770,3
bad,2771,3
bad,2772,3
bad,2773,3
bad,2774,3
bad,2775,3
bad,2776,3
bad,2777,3
bad,2778,3
bad,2779,3
bad,2780,3
bad,2781,3
bad,2782,3
bad,2783,3
bad,2784,3
bad,2785,3
bad,2786,3
bad,2787,3
bad,2788,3
bad,2789,3
bad,2790,3
bad,2791,3
bad,2792,3
bad,2793,3
bad,2794,3
bad,2795,3
bad,2796,3
bad,2797,3
bad,2798,3
bad,2799,3
bad,2800,3
bad,2801,3
bad,2802,3
bad,2803,3
bad,2804,3
bad,2805,3
bad,2806,3
bad,2807,3
bad,2808,3
bad,2809,3
bad,2810,3
bad,2811,3
bad,2812,3
bad,2813,3
bad,2814,3
bad,2815,3
bad,2816,3
bad,2817,3
bad,2818,3
bad,2819,3
bad,2820,3
bad,2821,3
bad,2822,3
bad,2823,3
bad,2824,3
bad,2825,3
bad,2826,3
bad,2827,3
bad,2828,3
bad,2829,3
bad,2830,3
bad,2831,3
bad,2832,3
bad,2833,3
bad,2834,3
bad,2835,3
bad,2836,3
bad,2837,3
bad,2838,3
bad,2839,3
bad,2840,3
bad,2841,3
bad,2842,3
bad,2843,3
bad,2844,3
bad,2845,3
bad,2846,3
bad,2847,3
bad,2848,3
bad,2849,3
bad,2850,3
bad,2851,3
bad,2852,3
bad,2853,3
bad,2854,3
bad,2855,3
bad,2856,3
bad,2857,3
bad,2858,3
bad,2859,3
bad,2860,3
bad,2861,3
bad,2862,3
bad,2863,3
bad,2864,3
bad,2865,3
bad,2866,3
bad,2867,3
bad,2868,3
bad,2869,3
bad,2870,3
bad,2871,3
bad,2872,3
bad,2873,3
bad,2874,3
bad,2875,3
bad,2876,3
bad,2877,3
bad,2878,3
bad,2879,3
bad,2880,3
bad,2881,3
bad,2882,3
bad,2883,3
bad,2884,3
bad,2885,3
bad,2886,3
bad,2887,3
bad,2888,3
bad,2889,3
bad,2890,3
bad,2891,3
bad,2892,3
bad,2893,3
bad,2894,3
bad,2895,3
bad,2896,3
bad,2897,3
bad,2898,3
bad,2899,3
bad,2900,3
bad,2901,3
bad,2902,3
bad,2903,3
bad,2904,3
bad,2905,3
bad,2906,3
bad,2907,3
bad,2908,3
bad,2909,3
bad,2910,3
bad,2911,3
bad,2912,3
bad,2913,3
bad,2914,3
bad,2915,3
bad,2916,3
bad,2917,3
bad,2918,3
bad,2919,3
bad,2920,3
bad,2921,3
bad,2922,3
bad,2923,3
bad,2924,3
bad,2925,3
bad,2926,3
bad,2927,3
bad,2928,3
bad,2929,3
bad,2930,3
bad,2931,3
bad,2932,3
bad,2933,3
bad,2934,3
bad,2935,3
bad,2936,3
bad,2937,3
bad,2938,3
bad,2939,3
bad,2940,3
bad,2941,3
bad,2942,3
bad,2943,3
bad,2944,3
bad,2945,3
bad,2946,3
bad,2947,3
bad,2948,2
bad,2949,2
bad,2950,2
bad,2951,1
bad,2952,1
bad,2953,1
bad,2954,1
bad,2955,1
bad,2956,1
bad,2957,1
bad,2958,1
bad,2959,1
bad,2960,0
bad,2961,0
bad,2962,1
bad,2963,1
bad,2964,1
bad,2965,1
bad,2966,1
bad,2967,1
bad,2968,1
bad,2969,1
bad,2970,1
bad,2971,1
bad,2972,0
bad,2973,1
bad,2974,1
bad,2975,1
bad,2976,1
bad,2977,0
bad,2978,1
bad,2979,1
bad,2980,1
bad,2981,1
bad,2982,1
bad,2983,1
bad,2984,1
bad,2985,1
bad,2986,1
bad,2987,1
bad,2988,1
bad,2989,1
bad,2990,1
bad,2991,1
bad,2992,1
bad,2993,1
bad,2994,1
bad,2995,1
bad,2996,2
bad,2997,2
bad,2998,2
bad,2999,2
bad,3000,2
bad,3001,2
bad,3002,2
bad,3003,2
bad,3004,2
bad,3005,2
bad,3006,2
bad,3007,2
bad,3008,2
bad,3009,2
bad,3010,2
bad,3011,2
bad,3012,2
bad,3013,2
bad,3014,2
bad,3015,2
bad,3016,2
bad,3017,2
bad,3018,2
bad,3019,2
bad,3020,2
bad,3021,2
bad,3022,2
bad,3023,2
bad,3024,2
bad,3025,2
bad,3026,2
bad,3027,2
bad,3028,2
bad,3029,2
bad,3030,2
bad,3031,2
bad,3032,2
bad,3033,2
bad,3034,2
bad,3035,2
bad,3036,2
bad,3037,2
bad,3038,2
bad,3039,2
bad,3040,2
bad,3041,2
bad,3042,2
bad,3043,2
bad,3044,2
bad,3045,2
bad,3046,2
bad,3047,2
bad,3048,2
bad,3049,2
bad,3050,2
bad,3051,2
bad,3052,2
bad,3053,2
bad,3054,2
bad,3055,2
bad,3056,2
bad,3057,2
bad,3058,2
bad,3059,2
bad,3060,2
bad,3061,2
bad,3062,2
bad,3063,2
bad,3064,2
bad,3065,2
bad,3066,2
bad,3067,2
bad,3068,2
bad,3069,2
bad,3070,2
bad,3071,2
bad,3072,2
bad,3073,2
bad,3074,2
bad,3075,2
bad,3076,2
bad,3077,2
bad,3078,2
bad,3079,2
bad,3080,2
bad,3081,2
bad,3082,2
bad,3083,2
bad,3084,2
bad,3085,2
bad,3086,2
bad,3087,2
bad,3088,2
bad,3089,2
bad,3090,2
bad,3091,2
bad,3092,2
bad,3093,2
bad,3094,2
bad,3095,2
bad,3096,2
bad,3097,2
bad,3098,2
bad,3099,2
bad,3100,2
bad,3101,2
bad,3102,2
bad,3103,2
bad,3104,2
bad,3105,2
bad,3106,2
bad,3107,2
bad,3108,2
bad,3109,2
bad,3110,2
bad,3111,2
bad,3112,2
bad,3113,2
bad,3114,2
bad,3115,2
bad,3116,2
bad,3117,2
bad,3118,2
bad,3119,2
bad,3120,2
bad,3121,2
bad,3122,2
bad,3123,2
bad,3124,2
bad,3125,2
bad,3126,2
bad,3127,2
bad,3128,2
bad,3129,2
bad,3130,2
bad,3131,2
bad,3132,2
bad,3133,2
bad,3134,2
bad,3135,2
bad,3136,2
bad,3137,2
bad,3138,2
bad,3139,2
bad,3140,2
bad,3141,2
bad,3142,2
bad,3143,2
bad,3144,2
bad,3145,2
bad,3146,2
bad,3147,2
bad,3148,2
bad,3149,2
bad,3150,2
bad,3151,2
bad,3152,2
bad,3153,2
bad,3154,2
bad,3155,2
bad,3156,2
bad,3157,2
bad,3158,2
bad,3159,2
bad,3160,2
bad,3161,2
bad,3162,2
bad,3163,2
bad,3164,2
bad,3165,2
bad,3166,2
bad,3167,2
bad,3168,2
bad,3169,2
bad,3170,2
bad,3171,2
bad,3172,2
bad,3173,2
bad,3174,2
bad,3175,2
bad,3176,2
bad,3177,2
bad,3178,2
bad,3179,2
bad,3180,2
bad,3181,2
bad,3182,2
bad,3183,2
bad,3184,2
bad,3185,2
bad,3186,2
bad,3187,2
bad,3188,2
bad,3189,2
bad,3190,2
bad,3191,2
bad,3192,2
bad,3193,2
bad,3194,2
bad,3195,2
bad,3196,2
bad,3197,2
bad,3198,2
bad,3199,2
bad,3200,2
bad,3201,2
bad,3202,2
bad,3203,2
bad,3204,2
bad,3205,2
bad,3206,2
bad,3207,2
bad,3208,2
bad,3209,2
bad,3210,2
bad,3211,3
bad,3212,3
bad,3213,3
bad,3214,3
bad,3215,3
bad,3216,3
bad,3217,3
bad,3218,3
bad,3219,3
bad,3220,3
bad,3221,3
bad,3222,3
bad,3223,3
bad,3224,3
bad,3225,3
bad,3226,3
bad,3227,3
bad,3228,3
bad,3229,3
bad,3230,3
bad,3231,3
bad,3232,3
bad,3233,3
bad,3234,3
bad,3235,3
bad,3236,3
bad,3237,3
bad,3238,3
bad,3239,3
bad,3240,3
bad,3241,3
bad,3242,3
bad,3243,3
bad,3244,3
bad,3245,3
bad,3246,3
bad,3247,3
bad,3248,3
bad,3249,3
bad,3250,3
bad,3251,3
bad,3252,3
bad,3253,3
bad,3254,3
bad,3255,3
bad,3256,3
bad,3257,3
bad,3258,3
bad,3259,3
bad,3260,3
bad,3261,3
bad,3262,3
bad,3263,3
bad,3264,3
bad,3265,3
bad,3266,3
bad,3267,3
bad,3268,3
bad,3269,2
bad,3270,2
bad,3271,2
bad,3272,2
bad,3273,2
bad,3274,2
bad,3275,2
bad,3276,2
bad,3277,2
bad,3278,2
bad,3279,2
bad,3280,2
bad,3281,2
bad,3282,2
bad,3283,2
bad,3284,2
bad,3285,2
bad,3286,2
bad,3287,2
bad,3288,2
bad,3289,2
bad,3290,2
bad,3291,2
bad,3292,1
bad,3293,1
bad,3294,1
bad,3295,1
bad,3296,1
bad,3297,1
bad,3298,1
bad,3299,1
bad,3300,2
bad,3301,2
bad,3302,2
bad,3303,2
bad,3304,2
bad,3305,2
bad,3306,2
bad,3307,2
bad,3308,2
bad,3309,2
bad,3310,2
bad,3311,2
bad,3312,2
bad,3313,2
bad,3314,2
bad,3315,2
bad,3316,2
bad,3317,2
bad,3318,2
bad,3319,2
bad,3320,2
bad,3321,2
bad,3322,2
bad,3323,3
bad,3324,3
bad,3325,3
bad,3326,3
bad,3327,3
bad,3328,2
bad,3329,3
bad,3330,3
bad,3331,3
bad,3332,3
bad,3333,3
bad,3334,3
bad,3335,3
bad,3336,3
bad,3337,3
bad,3338,3
bad,3339,3
bad,3340,3
bad,3341,3
bad,3342,2
bad,3343,3
bad,3344,3
bad,3345,2
bad,3346,2
bad,3347,2
bad,3348,3
bad,3349,2
bad,3350,2
bad,3351,3
bad,3352,3
bad,3353,3
bad,3354,3
bad,3355,3
bad,3356,3
bad,3357,3
bad,3358,3
bad,3359,3
bad,3360,3
bad,3361,3
bad,3362,3
bad,3363,3
bad,3364,3
bad,3365,3
bad,3366,3
bad,3367,3
bad,3368,3
bad,3369,3
bad,3370,3
bad,3371,3
bad,3372,3
bad,3373,3
bad,3374,3
bad,3375,3
bad,3376,3
bad,3377,3
bad,3378,3
bad,3379,3
bad,3380,3
bad,3381,3
bad,3382,3
bad,3383,3
bad,3384,3
bad,3385,3
bad,3386,3
bad,3387,3
bad,3388,3
bad,3389,3
bad,3390,3
bad,3391,3
bad,3392,3
bad,3393,3
bad,3394,3
bad,3395,3
bad,3396,3
bad,3397,3
bad,3398,3
bad,3399,3
bad,3400,3
bad,3401,3
bad,3402,3
bad,3403,3
bad,3404,3
bad,3405,3
bad,3406,3
bad,3407,3
bad,3408,3
bad,3409,3
bad,3410,3
bad,3411,3
bad,3412,3
bad,3413,3
bad,3414,3
bad,3415,3
bad,3416,3
bad,3417,3
bad,3418,3
bad,3419,3
bad,3420,3
bad,3421,3
bad,3422,3
bad,3423,3
bad,3424,3
bad,3425,3
bad,3426,3
bad,3427,3
bad,3428,3
bad,3429,3
bad,3430,3
bad,3431,3
bad,3432,3
bad,3433,2
bad,3434,2
bad,3435,2
bad,3436,2
bad,3437,2
bad,3438,2
bad,3439,2
bad,3440,2
bad,3441,2
bad,3442,2
bad,3443,2
bad,3444,2
bad,3445,2
bad,3446,1
bad,3447,2
bad,3448,1
bad,3449,1
bad,3450,2
bad,3451,2
bad,3452,2
bad,3453,2
bad,3454,2
bad,3455,2
bad,3456,2
bad,3457,2
bad,3458,2
bad,3459,2
bad,3460,2
bad,3461,2
bad,3462,2
bad,3463,2
bad,3464,2
bad,3465,2
bad,3466,2
bad,3467,2
bad,3468,2
bad,3469,2
bad,3470,2
bad,3471,2
bad,3472,2
bad,3473,2
bad,3474,2
bad,3475,2
bad,3476,2
bad,3477,2
bad,3478,2
bad,3479,2
bad,3480,2
bad,3481,2
bad,3482,2
bad,3483,2
bad,3484,2
bad,3485,2
bad,3486,2
bad,3487,2
bad,3488,2
bad,3489,2
bad,3490,3
bad,3491,3
bad,3492,3
bad,3493,3
bad,3494,3
bad,3495,3
bad,3496,3
bad,3497,3
bad,3498,3
bad,3499,3
bad,3500,3
bad,3501,3
bad,3502,3
bad,3503,3
bad,3504,3
bad,3505,3
bad,3506,3
bad,3507,3
bad,3508,3
bad,3509,3
bad,3510,3
bad,3511,3
bad,3512,3
bad,3513,3
bad,3514,3
bad,3515,3
bad,3516,3
bad,3517,3
bad,3518,3
bad,3519,3
bad,3520,3
bad,3521,3
bad,3522,3
bad,3523,3
bad,3524,3
bad,3525,3
bad,3526,3
bad,3527,3
bad,3528,3
bad,3529,3
bad,3530,3
bad,3531,3
bad,3532,3
bad,3533,3
bad,3534,3
bad,3535,3
bad,3536,3
bad,3537,3
bad,3538,3
bad,3539,3
bad,3540,3
bad,3541,3
bad,3542,3
bad,3543,3
bad,3544,3
bad,3545,3
bad,3546,3
bad,3547,3
bad,3548,3
bad,3549,3
bad,3550,3
bad,3551,3
bad,3552,3
bad,3553,3
bad,3554,3
bad,3555,3
bad,3556,3
bad,3557,3
bad,3558,3
bad,3559,3
bad,3560,3
bad,3561,3
bad,3562,3
bad,3563,3
bad,3564,3
bad,3565,3
bad,3566,3
bad,3567,3
bad,3568,3
bad,3569,3
bad,3570,3
bad,3571,3
bad,3572,3
bad,3573,3
bad,3574,3
bad,3575,3
bad,3576,3
bad,3577,3
bad,3578,3
bad,3579,3
bad,3580,3
bad,3581,3
bad,3582,3
bad,3583,3
bad,3584,3
bad,3585,3
bad,3586,3
bad,3587,3
bad,3588,3
bad,3589,3
bad,3590,3
bad,3591,3
bad,3592,3
bad,3593,3
bad,3594,3
bad,3595,3
bad,3596,3
bad,3597,3
bad,3598,3
bad,3599,3
bad,3600,3
bad,3601,3
bad,3602,3
bad,3603,3
bad,3604,3
bad,3605,3
bad,3606,3
bad,3607,3
bad,3608,3
bad,3609,3
bad,3610,3
bad,3611,3
bad,3612,3
bad,3613,3
bad,3614,3
bad,3615,3
bad,3616,3
bad,3617,3
bad,3618,3
bad,3619,3
bad,3620,3
bad,3621,3
bad,3622,3
bad,3623,3
bad,3624,3
bad,3625,3
bad,3626,3
bad,3627,3
bad,3628,3
bad,3629,3
bad,3630,3
bad,3631,3
bad,3632,3
bad,3633,3
bad,3634,3
bad,3635,3
bad,3636,3
bad,3637,3
bad,3638,3
bad,3639,3
bad,3640,3
bad,3641,3
bad,3642,3
bad,3643,3
bad,3644,3
bad,3645,3
bad,3646,3
bad,3647,3
bad,3648,3
bad,3649,3
bad,3650,3
bad,3651,3
bad,3652,3
bad,3653,3
bad,3654,3
bad,3655,3
bad,3656,3
bad,3657,3
bad,3658,3
bad,3659,3
bad,3660,3
bad,3661,3
bad,3662,3
bad,3663,3
bad,3664,3
bad,3665,3
bad,3666,3
bad,3667,3
bad,3668,3
bad,3669,3
bad,3670,3
bad,3671,3
bad,3672,3
bad,3673,3
bad,3674,3
bad,3675,3
bad,3676,3
bad,3677,3
bad,3678,3
bad,3679,3
bad,3680,3
bad,3681,3
bad,3682,3
bad,3683,3
bad,3684,3
bad,3685,3
bad,3686,3
bad,3687,3
bad,3688,3
bad,3689,3
bad,3690,3
bad,3691,3
bad,3692,3
bad,3693,3
bad,3694,3
bad,3695,3
bad,3696,3
bad,3697,3
bad,3698,3
bad,3699,3
bad,3700,3
bad,3701,3
bad,3702,3
bad,3703,2
bad,3704,2
bad,3705,2
bad,3706,3
bad,3707,2
bad,3708,2
bad,3709,2
bad,3710,2
bad,3711,3
bad,3712,3
bad,3713,3
bad,3714,3
bad,3715,3
bad,3716,3
bad,3717,3
bad,3718,3
bad,3719,3
bad,3720,3
bad,3721,3
bad,3722,3
bad,3723,3
bad,3724,3
bad,3725,3
bad,3726,3
bad,3727,3
bad,3728,3
bad,3729,3
bad,3730,3
bad,3731,3
bad,3732,3
bad,3733,3
bad,3734,3
bad,3735,3
bad,3736,3
bad,3737,3
bad,3738,3
bad,3739,3
bad,3740,3
bad,3741,3
bad,3742,3
bad,3743,3
bad,3744,3
bad,3745,3
bad,3746,3
bad,3747,3
bad,3748,3
bad,3749,3
bad,3750,3
bad,3751,3
bad,3752,3
bad,3753,3
bad,3754,3
bad,3755,3
bad,3756,3
bad,3757,3
bad,3758,3
bad,3759,3
bad,3760,3
bad,3761,3
bad,3762,3
bad,3763,3
bad,3764,3
bad,3765,3
bad,3766,3
bad,3767,3
bad,3768,3
bad,3769,3
bad,3770,3
bad,3771,3
bad,3772,3
bad,3773,3
bad,3774,3
bad,3775,3
bad,3776,3
bad,3777,3
bad,3778,3
bad,3779,3
bad,3780,3
bad,3781,2
bad,3782,2
bad,3783,2
bad,3784,2
bad,3785,2
bad,3786,2
bad,3787,2
bad,3788,2
bad,3789,2
bad,3790,2
bad,3791,2
bad,3792,2
bad,3793,2
bad,3794,2
bad,3795,2
bad,3796,2
bad,3797,2
bad,3798,2
bad,3799,2
bad,3800,2
bad,3801,3
bad,3802,3
bad,3803,3
bad,3804,3
bad,3805,3
bad,3806,3
bad,3807,3
bad,3808,3
bad,3809,3
bad,3810,3
bad,3811,3
bad,3812,3
bad,3813,3
bad,3814,3
bad,3815,3
bad,3816,3
bad,3817,3
bad,3818,3
bad,3819,3
bad,3820,3
bad,3821,3
bad,3822,3
bad,3823,3
bad,3824,3
bad,3825,3
bad,3826,3
bad,3827,3
bad,3828,3
bad,3829,3
bad,3830,3
bad,3831,3
bad,3832,3
bad,3833,3
bad,3834,3
bad,3835,3
bad,3836,3
bad,3837,3
bad,3838,3
bad,3839,3
bad,3840,3
bad,3841,3
bad,3842,3
bad,3843,3
bad,3844,3
bad,3845,3
bad,3846,3
bad,3847,3
bad,3848,3
bad,3849,3
bad,3850,3
bad,3851,3
bad,3852,3
bad,3853,3
bad,3854,3
bad,3855,3
bad,3856,3
bad,3857,3
bad,3858,3
bad,3859,3
bad,3860,3
bad,3861,3
bad,3862,3
bad,3863,3
bad,3864,3
bad,3865,3
bad,3866,3
bad,3867,3
bad,3868,3
bad,3869,3
bad,3870,3
bad,3871,3
bad,3872,3
bad,3873,3
bad,3874,3
bad,3875,3
bad,3876,3
bad,3877,3
bad,3878,3
bad,3879,3
bad,3880,3
bad,3881,3
bad,3882,3
bad,3883,3
bad,3884,3
bad,3885,3
bad,3886,3
bad,3887,3
bad,3888,3
bad,3889,3
bad,3890,3
bad,3891,3
bad,3892,3
bad,3893,3
bad,3894,3
bad,3895,3
bad,3896,3
bad,3897,3
bad,3898,3
bad,3899,3
bad,3900,3
bad,3901,3
bad,3902,3
bad,3903,3
bad,3904,3
bad,3905,3
bad,3906,3
bad,3907,3
bad,3908,3
bad,3909,3
bad,3910,3
bad,3911,3
bad,3912,3
bad,3913,3
bad,3914,3
bad,3915,3
bad,3916,3
bad,3917,3
bad,3918,3
bad,3919,3
bad,3920,3
bad,3921,3
bad,3922,3
bad,3923,3
bad,3924,3
bad,3925,3
bad,3926,3
bad,3927,3
bad,3928,3
bad,3929,3
bad,3930,3
bad,3931,3
bad,3932,3
bad,3933,3
bad,3934,3
bad,3935,3
bad,3936,3
bad,3937,3
bad,3938,3
bad,3939,3
bad,3940,3
bad,3941,3
bad,3942,3
bad,3943,3
bad,3944,3
bad,3945,3
bad,3946,3
bad,3947,3
bad,3948,3
bad,3949,3
bad,3950,3
bad,3951,3
bad,3952,3
bad,3953,3
bad,3954,3
bad,3955,3
bad,3956,3
bad,3957,3
bad,3958,3
bad,3959,3
bad,3960,3
bad,3961,3
bad,3962,3
bad,3963,3
bad,3964,3
bad,3965,3
bad,3966,3
bad,3967,3
bad,3968,3
bad,3969,3
bad,3970,3
bad,3971,3
bad,3972,3
bad,3973,3
bad,3974,3
bad,3975,3
bad,3976,3
bad,3977,3
bad,3978,3
bad,3979,3
bad,3980,3
bad,3981,3
bad,3982,3
bad,3983,3
bad,3984,3
bad,3985,3
bad,3986,3
bad,3987,3
bad,3988,3
bad,3989,3
bad,3990,3
bad,3991,3
bad,3992,3
bad,3993,3
bad,3994,3
bad,3995,3
bad,3996,3
bad,3997,3
bad,3998,3
bad,3999,3
bad,4000,3
bad,4001,3
bad,4002,3
bad,4003,3
bad,4004,3
bad,4005,3
bad,4006,3
bad,4007,3
bad,4008,3
bad,4009,3
bad,4010,3
bad,4011,3
bad,4012,3
bad,4013,3
bad,4014,3
bad,4015,3
bad,4016,3
bad,4017,3
bad,4018,3
bad,4019,3
bad,4020,3
bad,4021,3
bad,4022,3
bad,4023,3
bad,4024,3
bad,4025,3
bad,4026,3
bad,4027,3
bad,4028,3
bad,4029,3
bad,4030,3
bad,4031,3
bad,4032,3
bad,4033,3
bad,4034,3
bad,4035,3
bad,4036,3
bad,4037,3
bad,4038,3
bad,4039,3
bad,4040,3
bad,4041,3
bad,4042,3
bad,4043,3
bad,4044,3
bad,4045,3
bad,4046,3
bad,4047,3
bad,4048,3
bad,4049,3
bad,4050,3
bad,4051,3
bad,4052,3
bad,4053,3
bad,4054,3
bad,4055,3
bad,4056,3
bad,4057,3
bad,4058,3
bad,4059,3
bad,4060,3
bad,4061,3
bad,4062,3
bad,4063,3
bad,4064,3
bad,4065,3
bad,4066,3
bad,4067,3
bad,4068,3
bad,4069,3
bad,4070,3
bad,4071,3
bad,4072,3
bad,4073,3
bad,4074,3
bad,4075,3
bad,4076,3
bad,4077,3
bad,4078,3
bad,4079,3
bad,4080,3
bad,4081,3
bad,4082,3
bad,4083,3
bad,4084,3
bad,4085,3
bad,4086,3
bad,4087,3
bad,4088,3
bad,4089,3
bad,4090,3
bad,4091,3
bad,4092,3
bad,4093,3
bad,4094,3
bad,4095,3
